name,price,url
Подвесной светильник Сансет Black,4820,/izhevsk/product/podvesnoj-svetilnik-sanset-black
Торшер Билли Black,14 940,/izhevsk/product/torsher-billi-black
Подвесной светильник Бабл-9,18 970,/izhevsk/product/podvesnoj-svetilnik-babl-9
Торшер Бабл-1,7120,/izhevsk/product/torsher-babl-1
Подвесной светильник Бабл-3,7120,/izhevsk/product/podvesnoj-svetilnik-babl-3
Бра Бабл Black,2290,/izhevsk/product/bra-babl-black
Настольная лампа Дэнди Black,4590,/izhevsk/product/nastolnaya-lampa-dendi-black
Настольная лампа Дэнди White,4590,/izhevsk/product/nastolnaya-lampa-dendi-white
Торшер Варио White,4600,/izhevsk/product/torsher-vario-white
Бра Варио Black,1140,/izhevsk/product/bra-vario-black
Бра Варио White,1140,/izhevsk/product/bra-vario-white
Подвесной светильник Сансет White,4820,/izhevsk/product/podvesnoj-svetilnik-sanset-white
Подвесной светильник Кэндел Black,3100,/izhevsk/product/podvesnoj-svetilnik-kendel-black
Подвесной светильник Кэндел White,3100,/izhevsk/product/podvesnoj-svetilnik-kendel-white
Торшер Вена Beige,11 490,/izhevsk/product/torsher-vena-beige
Настольная лампа Сфера Orange,5740,/izhevsk/product/nastolnaya-lampa-sfera-orange
Подвесной светильник Кая Black,2980,/izhevsk/product/podvesnoj-svetilnik-kaya-black
Торшер Вена Black,11 490,/izhevsk/product/torsher-vena-black
Настольная лампа Гровер Glass,4590,/izhevsk/product/nastolnaya-lampa-grover-glass
Настольная лампа Спайк Green,1140,/izhevsk/product/nastolnaya-lampa-spajk-green
Настольная лампа Рэй Black,3440,/izhevsk/product/nastolnaya-lampa-rej-black
Подвесной светильник Портланд Black,2980,/izhevsk/product/podvesnoj-svetilnik-portland-black
Торшер Рэй White,4130,/izhevsk/product/torsher-rej-white
Торшер Мун Black,6890,/izhevsk/product/torsher-mun-black
Торшер Варио Black,5740,/izhevsk/product/torsher-vario-black
Настольная лампа Раффи Round,6890,/izhevsk/product/nastolnaya-lampa-raffi-round
Торшер Гросс White,6890,/izhevsk/product/torsher-gross-white
Бра Moderli Alina,3900,/izhevsk/product/bra-moderli-alina
Подвесной светильник Маро Green,13 450,/izhevsk/product/podvesnoj-svetilnik-maro-green
Настольная лампа Машрум Grey,4590,/izhevsk/product/nastolnaya-lampa-mashrum-grey
Настольная лампа Рэй White,2980,/izhevsk/product/nastolnaya-lampa-rej-white
Светильник потолочный Matthew,5740,/izhevsk/product/svetilnik-potolochnyj-matthew
Настольная лампа Junior-4,3440,/izhevsk/product/nastolnaya-lampa-junior-4
Спот Лайт-1 Black,2750,/izhevsk/product/spot-lajt-1-black
Настольная лампа Спайк Orange,1140,/izhevsk/product/nastolnaya-lampa-spajk-orange
Настольная лампа Junior-1,4590,/izhevsk/product/nastolnaya-lampa-junior-1
Подвесной светильник Milligan,6320,/izhevsk/product/podvesnoj-svetilnik-milligan
Настольная лампа Сфера Black,4590,/izhevsk/product/nastolnaya-lampa-sfera-black
Подвесной светильник Townshend-4,12 640,/izhevsk/product/podvesnoj-svetilnik-townshend-4
Люстра Монти-3 White,11 490,/izhevsk/product/lyustra-monti-3-white
Настольная лампа Junior-2,3330,/izhevsk/product/nastolnaya-lampa-junior-2
Настольная лампа Taeda,5050,/izhevsk/product/nastolnaya-lampa-taeda
Торшер Duetto,8040,/izhevsk/product/torsher-duetto
Настольная лампа Sphere,7510,/izhevsk/product/nastolnaya-lampa-sphere
Подвесной светильник Layham,22 760,/izhevsk/product/podvesnoj-svetilnik-layham
Бра Galdakao-1,7580,/izhevsk/product/bra-galdakao
Настольная лампа Гросс White,4130,/izhevsk/product/nastolnaya-lampa-gross-white
Подвесной светильник Сэнсил Silver,5280,/izhevsk/product/podvesnoj-svetilnik-sensil-silver
